DNI('86183607Q'),Marcile,Moxham,mmoxham0@umn.edu,+7 838 693 0249,38649 Lunder Pass,mmoxham0@unblog.fr
DNI('63768230V'),Avril,Prisley,aprisley1@addthis.com,+92 335 760 8320,15 Mallard Point,aprisley1@imageshack.us
DNI('53052277I'),Carmella,Wallman,cwallman2@sogou.com,+66 314 202 4682,59628 Atwood Lane,cwallman2@china.com.cn
DNI('94970522M'),Venita,Carbonell,vcarbonell3@aboutads.info,+84 787 332 4914,15 Calypso Plaza,vcarbonell3@macromedia.com
DNI('28920732N'),Matti,Bowen,mbowen4@mapy.cz,+7 968 663 1600,5168 Maywood Pass,mbowen4@npr.org
DNI('90823320U'),Joelie,Bascomb,jbascomb5@gizmodo.com,+48 445 324 7651,0 Maple Wood Street,jbascomb5@sohu.com
DNI('89105939Q'),Harris,Cockshott,hcockshott6@yahoo.com,+81 995 598 3813,15 Florence Crossing,hcockshott6@nih.gov
DNI('96553614Y'),Allard,Touhig,atouhig7@cbsnews.com,+62 928 211 0646,0230 Northport Road,atouhig7@rambler.ru
DNI('73778194B'),Jacquenette,Belderfield,jbelderfield8@msn.com,+33 939 897 8173,59971 Karstens Drive,jbelderfield8@purevolume.com
DNI('16486745Y'),Giralda,Baitson,gbaitson9@purevolume.com,+995 111 413 2691,3940 Pleasure Park,gbaitson9@sohu.com
DNI('77637102I'),Marna,Larvin,mlarvina@engadget.com,+30 890 859 1014,99518 Ridge Oak Hill,mlarvina@ucsd.edu
DNI('50943440A'),Alon,Robottham,arobotthamb@blogger.com,+7 773 493 9459,5226 Oriole Point,arobotthamb@harvard.edu
DNI('77890637Z'),Modestine,Vellender,mvellenderc@joomla.org,+689 268 591 7738,87899 Vernon Circle,mvellenderc@europa.eu
DNI('62518750A'),Carmela,Bayns,cbaynsd@china.com.cn,+46 759 697 8237,8072 Mcguire Junction,cbaynsd@csmonitor.com
DNI('62945164U'),Curry,Laing,clainge@pinterest.com,+374 902 661 0877,6079 Manufacturers Alley,clainge@yolasite.com
DNI('28363321J'),Vernor,Peacock,vpeacockf@house.gov,+86 485 976 4296,105 Paget Pass,vpeacockf@youtu.be
DNI('53238190Q'),Kally,Mantram,kmantramg@hostgator.com,+63 594 992 1648,04 Donald Park,kmantramg@discovery.com
DNI('62036271Z'),Prudi,Florio,pflorioh@technorati.com,+970 526 243 6402,5 Melvin Circle,pflorioh@quantcast.com
DNI('27185841G'),Joycelin,Broz,jbrozi@patch.com,+60 362 561 6174,495 Paget Center,jbrozi@diigo.com
DNI('87350791B'),Cissy,Isaq,cisaqj@google.cn,+55 615 951 6742,26 Heffernan Hill,cisaqj@mac.com
