86471009W;Laura;Rodríguez García;1984-04-12;+34684598677;Calle Nueva, 175;lrodríguez33@correo.com
03100598Z;Luis;Fernández Díaz;2004-07-10;+34623784527;Ronda Norte, 56;lfernández20@example.com
06791422M;Antonio;Gómez Sánchez;2003-11-01;+34731382119;Paseo de Gracia, 228;agómez21@correo.com
34067530E;Carlos;López Pérez;1995-06-14;+34659869655;Gran Vía, 12;clópez51@example.com
97403280M;Laura;García Martínez;2003-04-25;+34790483457;Avenida Libertad, 117;lgarcía4@correo.com
41887698Y;Lucía;Sánchez Fernández;1995-11-03;+34799839792;Calle de la Paz, 42;lsánchez94@example.com
03277561S;Pedro;Rodríguez López;1999-09-25;+34750044999;Avenida del Sol, 168;prodríguez12@correo.com
15811837G;Carlos;Pérez Díaz;2001-05-17;+34741114161;Calle Mayor, 175;cpérez5@example.com
56240431A;Laura;García García;1984-03-27;+34735300149;Avenida Libertad, 9;lgarcía72@example.com
27806415J;Laura;Rodríguez Rodríguez;2000-09-25;+34732022618;Camino Real, 191;lrodríguez90@example.com
69067496Z;Carmen;López López;1994-01-23;+34658223673;Camino Viejo, 162;clópez39@example.com
78648659K;Laura;Gómez Sánchez;1983-02-23;+34684165516;Calle de la Paz, 274;lgómez39@correo.com
63360576S;Pedro;Díaz Martínez;2003-08-26;+34652596816;Calle Mayor, 165;pdíaz18@example.com
88939262X;Lucía;Pérez González;2002-02-01;+34738165077;Ronda Norte, 101;lpérez25@example.com
17815431E;Marta;García Rodríguez;1991-07-20;+34645629738;Gran Vía, 160;mgarcía45@example.com
70105910R;Lucía;Pérez Martínez;1990-09-21;+34724554450;Camino Viejo, 138;lpérez85@example.com
57927099N;Laura;Pérez Fernández;1982-10-24;+34782850499;Avenida Libertad, 153;lpérez39@example.com
86008231F;Antonio;Sánchez García;2004-08-01;+34723399191;Calle Nueva, 223;asánchez23@correo.com
98340839S;Lucía;López Rodríguez;1992-11-17;+34638105065;Calle de la Paz, 207;llópez16@correo.com
03017787A;Marta;Rodríguez García;1986-02-01;+34668911876;Camino Real, 51;mrodríguez72@correo.com
90995040W;Laura;González Sánchez;1991-12-10;+34662526080;Camino Real, 62;lgonzález68@example.com
45629046J;Marta;González Sánchez;1980-06-04;+34733467969;Ronda Norte, 82;mgonzález7@correo.com
74761143B;María;Sánchez Pérez;1995-07-12;+34798269261;Avenida Libertad, 37;msánchez13@example.com
23231461N;Carlos;Díaz Gómez;2001-04-05;+34798416355;Ronda Norte, 181;cdíaz87@example.com
08013775T;Laura;Rodríguez Gómez;2004-11-19;+34723095870;Paseo de Gracia, 181;lrodríguez5@example.com
62145997C;Carmen;Gómez Martínez;2004-06-13;+34670157531;Gran Vía, 240;cgómez13@correo.com
13407959V;Pedro;Pérez Pérez;1989-01-24;+34734032800;Calle Nueva, 192;ppérez0@correo.com
10611460L;Luis;Rodríguez Gómez;2004-03-25;+34615557288;Camino Real, 271;lrodríguez81@correo.com
11461702C;María;Pérez Sánchez;1992-02-14;+34717199388;Camino Real, 118;mpérez98@correo.com
81934764R;Laura;González López;1991-11-14;+34728768231;Paseo de Gracia, 246;lgonzález85@example.com
86896953D;María;Rodríguez Pérez;1988-04-06;+34734170104;Camino Viejo, 182;mrodríguez90@correo.com
81107940G;Antonio;González Pérez;1999-08-09;+34616043747;Camino Real, 262;agonzález31@example.com
20394268F;Marta;González Martínez;1984-04-03;+34785484654;Camino Viejo, 6;mgonzález6@example.com
04275166H;Antonio;González García;1990-12-14;+34720084796;Ronda Norte, 73;agonzález7@correo.com
03417473H;Pedro;Díaz González;1986-04-09;+34623035287;Calle Nueva, 42;pdíaz24@correo.com
15502767P;Carlos;Fernández Sánchez;1998-12-15;+34635588576;Camino Real, 159;cfernández66@example.com
16544653V;Carlos;López García;1980-12-07;+34766188033;Ronda Norte, 90;clópez77@example.com
66489956S;Antonio;Rodríguez Martínez;1984-10-16;+34733613677;Paseo de Gracia, 172;arodríguez4@example.com
18772813Y;María;Gómez López;1994-01-01;+34725958221;Gran Vía, 67;mgómez2@example.com
70956716Z;Carlos;Sánchez Díaz;1988-03-02;+34616021130;Ronda Norte, 185;csánchez46@correo.com
86764122A;Antonio;Fernández García;1993-12-24;+34748004731;Camino Real, 201;afernández77@correo.com
25876393J;Carlos;González Díaz;1990-01-09;+34740413333;Ronda Norte, 179;cgonzález77@correo.com
01567772T;Pedro;González Díaz;1988-06-14;+34649902529;Ronda Norte, 19;pgonzález45@example.com
52428860S;Luis;Sánchez García;1996-02-17;+34796076844;Gran Vía, 202;lsánchez46@correo.com
07864232A;Lucía;Fernández Gómez;1985-04-20;+34619521862;Avenida Libertad, 282;lfernández30@correo.com
56033156G;Marta;Díaz Rodríguez;1994-05-24;+34653787465;Camino Viejo, 82;mdíaz52@example.com
29504729F;Luis;García Sánchez;1993-06-27;+34657288983;Ronda Norte, 195;lgarcía9@example.com
97276107E;Marta;González Sánchez;1988-01-23;+34771944219;Calle de la Paz, 278;mgonzález73@correo.com
15533549Q;Antonio;Sánchez González;1995-07-27;+34732704088;Calle Nueva, 103;asánchez87@correo.com
41515730V;Lucía;Fernández Martínez;1992-10-19;+34672620737;Paseo de Gracia, 1;lfernández50@example.com
24999116W;Marta;López López;1986-12-06;+34768783867;Paseo de Gracia, 227;mlópez67@correo.com
23389999B;Laura;González Rodríguez;1988-12-11;+34743720030;Camino Viejo, 15;lgonzález1@example.com
14238421H;Luis;Rodríguez Díaz;2002-02-12;+34788186794;Calle Nueva, 254;lrodríguez6@example.com
03899492A;Lucía;Fernández García;1989-09-01;+34677304642;Calle Nueva, 173;lfernández40@example.com
95093284Z;María;López Gómez;1991-05-09;+34757767215;Camino Real, 132;mlópez33@correo.com
50129550S;Lucía;García Sánchez;1981-08-20;+34654139119;Camino Real, 171;lgarcía96@example.com
26286930T;Laura;Sánchez Sánchez;1999-03-02;+34671704286;Avenida Libertad, 66;lsánchez3@example.com
72987418T;Antonio;Pérez González;1997-04-25;+34643650166;Avenida Libertad, 127;apérez72@example.com
26637261H;Luis;Sánchez López;1986-02-04;+34736786360;Calle de la Paz, 121;lsánchez55@correo.com
76512911F;Marta;Sánchez García;1991-12-18;+34715853123;Avenida del Sol, 99;msánchez72@example.com
26758421Z;Lucía;Rodríguez Rodríguez;1997-12-21;+34623731574;Camino Viejo, 114;lrodríguez38@correo.com
86926899D;Luis;Pérez López;1993-05-21;+34639863806;Calle Nueva, 122;lpérez78@example.com
39692602F;Pedro;González Pérez;1983-01-01;+34676474856;Avenida del Sol, 28;pgonzález91@correo.com
93543361S;Carmen;Rodríguez Pérez;1995-11-03;+34717110633;Calle Mayor, 101;crodríguez58@example.com
05760293N;Javier;Pérez Díaz;1986-11-01;+34767833522;Ronda Norte, 52;jpérez80@correo.com
71184453M;Luis;Sánchez Martínez;1991-06-02;+34695766302;Calle de la Paz, 199;lsánchez14@example.com
93437006N;Luis;García Pérez;2004-05-02;+34626069122;Gran Vía, 222;lgarcía2@correo.com
67521690S;Lucía;Díaz Díaz;1983-12-24;+34753250507;Gran Vía, 218;ldíaz56@correo.com
57578653Q;Laura;López Pérez;1992-05-23;+34721208071;Camino Real, 274;llópez96@example.com
83102410Y;Carmen;Pérez Pérez;1990-06-16;+34638847897;Avenida Libertad, 289;cpérez14@example.com
88650856R;Carmen;Martínez Sánchez;1998-03-06;+34789163787;Ronda Norte, 289;cmartínez42@correo.com
20541213M;Marta;García Sánchez;1988-12-12;+34699366293;Camino Real, 268;mgarcía30@example.com
42016899Q;Pedro;López Rodríguez;1986-09-22;+34767696442;Gran Vía, 226;plópez74@example.com
71408212C;Lucía;López Gómez;2004-07-23;+34771485465;Camino Viejo, 139;llópez51@correo.com
74920333H;Pedro;Rodríguez Díaz;1988-06-25;+34789351216;Paseo de Gracia, 248;prodríguez30@correo.com
41625880C;Luis;Martínez López;1991-06-12;+34659121713;Calle Nueva, 247;lmartínez44@example.com
67772355A;Carlos;Gómez Sánchez;2000-04-07;+34713254556;Camino Real, 79;cgómez9@correo.com
97640286L;Carmen;González Pérez;1991-03-25;+34654018378;Avenida del Sol, 222;cgonzález20@example.com
99322287F;Luis;Rodríguez González;2002-07-24;+34725150546;Calle Nueva, 108;lrodríguez15@correo.com
96678408R;María;López Gómez;1988-12-18;+34653103468;Ronda Norte, 150;mlópez35@correo.com
33740361M;Carmen;García Díaz;1992-12-10;+34787394656;Calle de la Paz, 50;cgarcía89@correo.com
08334784K;Antonio;Pérez Martínez;2002-12-14;+34682681859;Avenida del Sol, 250;apérez3@example.com
95918108N;María;González González;1995-07-24;+34642523951;Calle Mayor, 67;mgonzález88@correo.com
67538331G;Carmen;González López;2003-06-16;+34619598265;Gran Vía, 128;cgonzález26@correo.com
56571463L;Carmen;Martínez García;1999-08-01;+34722310959;Calle de la Paz, 256;cmartínez14@correo.com
25595507A;Antonio;Martínez Díaz;1987-11-01;+34780730595;Ronda Norte, 146;amartínez86@correo.com
77779331R;Javier;Pérez Rodríguez;2001-02-10;+34663518125;Calle de la Paz, 26;jpérez49@example.com
02166471D;Laura;López Martínez;1991-12-22;+34753532492;Calle Nueva, 297;llópez78@correo.com
63226659G;María;Martínez Gómez;1995-08-01;+34796720287;Calle de la Paz, 92;mmartínez93@correo.com
93928480E;Antonio;López Rodríguez;1998-01-13;+34781150388;Avenida Libertad, 91;alópez94@example.com
46783050S;Javier;Gómez Díaz;1985-10-03;+34674724553;Avenida del Sol, 99;jgómez11@correo.com
60809684F;Lucía;López López;1990-01-04;+34783726037;Avenida Libertad, 86;llópez20@correo.com
07942483P;Marta;González González;1994-05-21;+34746024210;Paseo de Gracia, 53;mgonzález58@example.com
32688627S;Laura;González Gómez;1982-10-22;+34629466689;Avenida Libertad, 269;lgonzález76@correo.com
25865777T;Carmen;García González;1987-06-22;+34695971457;Paseo de Gracia, 150;cgarcía89@correo.com
09301212N;Javier;González Sánchez;2000-02-03;+34713496944;Calle Nueva, 131;jgonzález54@example.com
44340843V;Lucía;López Gómez;1982-11-14;+34664808740;Camino Viejo, 291;llópez80@correo.com
51185073E;Marta;García López;1999-10-04;+34636260528;Ronda Norte, 230;mgarcía58@example.com
52264162C;María;López Martínez;2002-04-23;+34657385762;Ronda Norte, 82;mlópez66@correo.com
33517737K;Javier;Martínez López;1982-09-10;+34778311683;Paseo de Gracia, 166;jmartínez83@example.com
65555649Z;Luis;Martínez Martínez;2000-04-02;+34670886773;Calle de la Paz, 154;lmartínez52@example.com
29994751Z;Laura;Martínez Gómez;1981-12-20;+34680086977;Calle Nueva, 110;lmartínez97@correo.com
41301441L;Carmen;Díaz Martínez;1984-12-24;+34726548111;Camino Viejo, 247;cdíaz92@correo.com
29973553E;Luis;Pérez Martínez;1997-09-24;+34790610493;Ronda Norte, 18;lpérez57@example.com
09614105J;Laura;Martínez García;1996-05-10;+34627350987;Gran Vía, 112;lmartínez9@example.com
26942290K;Lucía;Rodríguez Díaz;1995-10-07;+34610589265;Ronda Norte, 67;lrodríguez78@correo.com
49701756K;Carmen;González González;1994-02-15;+34688909824;Calle Nueva, 80;cgonzález96@example.com
58303627F;María;Rodríguez González;1985-02-04;+34620271979;Camino Real, 36;mrodríguez32@correo.com
20796945T;Antonio;Díaz Martínez;1993-02-07;+34718328729;Avenida Libertad, 206;adíaz27@example.com
93900740C;Javier;Gómez Martínez;1985-07-23;+34611842447;Avenida del Sol, 34;jgómez97@correo.com
28660322E;Marta;López Rodríguez;1984-10-22;+34640898996;Avenida Libertad, 88;mlópez54@correo.com
85772732M;Marta;Díaz García;1991-04-11;+34641077788;Avenida Libertad, 141;mdíaz97@correo.com
04165986L;Carmen;Sánchez Sánchez;2003-06-11;+34674430320;Ronda Norte, 61;csánchez27@example.com
18654675L;Javier;Díaz Martínez;1996-06-08;+34769489160;Gran Vía, 144;jdíaz82@example.com
95642336X;Carlos;González Sánchez;1990-04-26;+34747998379;Ronda Norte, 205;cgonzález87@example.com
57707787M;Antonio;Fernández Rodríguez;1991-02-08;+34670683190;Calle Nueva, 2;afernández17@example.com
91581102R;Carmen;Fernández Fernández;2000-05-10;+34723403152;Calle de la Paz, 210;cfernández49@correo.com
57653187F;Javier;Rodríguez Pérez;1987-02-24;+34736491327;Calle de la Paz, 259;jrodríguez60@example.com
23725597Q;Carmen;Martínez Pérez;1984-08-26;+34613416436;Camino Real, 119;cmartínez99@example.com
60966323Q;Carlos;Gómez Sánchez;2004-07-16;+34759131838;Gran Vía, 16;cgómez0@correo.com
61422314D;Javier;Rodríguez Pérez;1987-05-08;+34786413460;Avenida Libertad, 121;jrodríguez70@correo.com
28831645H;Javier;Gómez Pérez;2003-04-06;+34792607774;Gran Vía, 233;jgómez57@example.com
13858148G;Antonio;Martínez Pérez;2000-12-25;+34756469931;Calle Mayor, 94;amartínez69@correo.com
42086413R;Laura;García García;1980-10-15;+34745351691;Avenida del Sol, 230;lgarcía23@example.com
36719524R;Carlos;Díaz Fernández;1987-06-21;+34714371058;Gran Vía, 96;cdíaz26@correo.com
72358122F;Carmen;González Martínez;1996-02-12;+34640380612;Gran Vía, 189;cgonzález98@example.com
58630347N;Lucía;García Díaz;1985-11-23;+34766371309;Calle Nueva, 178;lgarcía33@example.com
31577577A;Javier;López Martínez;1997-06-02;+34632616246;Avenida del Sol, 258;jlópez62@correo.com
93964347D;María;García Pérez;2002-01-19;+34724502147;Calle de la Paz, 263;mgarcía11@correo.com
87144717V;Javier;Martínez García;1992-04-07;+34674295934;Ronda Norte, 141;jmartínez57@correo.com
41378176A;Pedro;Díaz Díaz;1998-07-12;+34660118023;Gran Vía, 258;pdíaz34@correo.com
28996039P;Laura;González Martínez;1999-10-15;+34765376543;Gran Vía, 22;lgonzález63@correo.com
99120841H;Luis;Rodríguez Martínez;1998-01-09;+34788257891;Gran Vía, 119;lrodríguez63@example.com
96719748X;Lucía;Díaz Pérez;1984-08-11;+34680401076;Calle de la Paz, 162;ldíaz59@correo.com
39564729Z;Lucía;Rodríguez Martínez;2000-06-03;+34615593384;Paseo de Gracia, 242;lrodríguez28@correo.com
91717135N;Marta;López Gómez;1997-02-25;+34748320216;Calle de la Paz, 166;mlópez85@example.com
63217630Z;Marta;López Martínez;1993-09-06;+34768094808;Ronda Norte, 262;mlópez5@example.com
80174473S;Marta;Martínez Díaz;1993-06-02;+34744996188;Calle de la Paz, 110;mmartínez15@example.com
42813988V;Javier;Rodríguez González;1993-11-24;+34638398779;Avenida del Sol, 97;jrodríguez59@correo.com
72215103W;Antonio;Martínez Rodríguez;1982-01-07;+34619795007;Avenida Libertad, 107;amartínez78@correo.com
21047511G;María;Pérez Rodríguez;2000-09-03;+34723525973;Calle Nueva, 14;mpérez29@correo.com
50777687N;Pedro;García Díaz;2004-11-21;+34632356163;Paseo de Gracia, 45;pgarcía1@example.com
51823824V;Lucía;González Rodríguez;1989-04-22;+34649220880;Gran Vía, 21;lgonzález79@example.com
74609388X;Pedro;Pérez Gómez;1993-02-15;+34711965503;Calle Mayor, 206;ppérez89@example.com
51115920F;Laura;Gómez López;1997-09-26;+34698574065;Camino Real, 157;lgómez56@correo.com
33991359G;Laura;González Martínez;1999-10-25;+34643722210;Avenida del Sol, 202;lgonzález92@example.com
24093750P;Lucía;Pérez Díaz;2004-07-23;+34782219047;Avenida del Sol, 228;lpérez13@example.com
80463463X;Javier;González González;1996-02-24;+34768305841;Calle Nueva, 283;jgonzález73@example.com
49029699R;Carmen;García Pérez;1990-03-16;+34695787911;Avenida Libertad, 256;cgarcía26@example.com
55752282Y;Pedro;Martínez Martínez;2004-11-09;+34747681354;Avenida Libertad, 71;pmartínez3@example.com
